Name,Age,Salary,Department,Joining Date,Company Name
John Doe,30,55000,Engineering,2020-01-15,TechCorp
Jane Smith,28,60000,Marketing,2019-03-20,WebSolutions
Alice Johnson,35,75000,Sales,2018-06-10,InnovativeTech
Bob Brown,40,80000,Engineering,2017-08-25,TechCorp
David White,32,68000,HR,2021-05-05,HRMGlobal
Emily Davis,26,48000,Customer Service,2019-11-14,CloudSoft
Michael Miller,38,72000,IT,2020-08-19,TechCorp
Sarah Lee,31,75000,Marketing,2021-01-25,DataFlow
James Wilson,33,66000,Sales,2020-12-09,MegaCorp
Laura Harris,29,67000,Engineering,2021-07-13,WebSolutions
Robert Clark,45,95000,Finance,2018-02-28,InnovativeTech
Jessica Allen,36,70000,Legal,2017-05-17,HRMGlobal
Daniel Young,40,85000,HR,2019-10-06,DataFlow
Sophia Scott,33,78000,Marketing,2018-04-21,CloudSoft
William King,29,64000,IT,2019-01-11,MegaCorp
Olivia Wright,32,69000,Sales,2020-04-18,TechCorp
Matthew Lopez,37,72000,Customer Service,2018-09-07,WebSolutions
Chloe Gonzalez,34,80000,Engineering,2021-03-15,DataFlow
Andrew Perez,31,63000,Sales,2020-02-20,InnovativeTech
Isabella Mitchell,28,67000,HR,2019-07-26,HRMGlobal
Liam Roberts,39,77000,Marketing,2020-06-12,CloudSoft
Charlotte Evans,30,71000,IT,2021-04-09,WebSolutions
Daniel Carter,35,79000,Legal,2017-03-14,MegaCorp
Ethan Ramirez,41,88000,Engineering,2020-10-22,TechCorp
Mia Stewart,30,55000,Customer Service,2018-07-30,DataFlow
Lucas Perez,33,64000,IT,2020-12-02,InnovativeTech
Ava Nelson,27,59000,Sales,2019-06-15,WebSolutions
Oliver Adams,36,71000,Marketing,2021-02-18,TechCorp
Henry Campbell,30,67000,Engineering,2017-11-23,HRMGlobal
Sophia Bailey,34,75000,Finance,2021-09-10,CloudSoft